process,beta,steps,exact_survival,empirical_survival,alpha,one_step_mean,step_typical_log_retention,deterministic_log_retention,episodic_tail_prefactor,episodic_mean_duration,annealed_mean_duration
annealed,0.6,0,1.0,1.0,11.39999999999999,0.95,-0.053548705031806865,-0.05129329438755058,4.261732075361748,inf,19.999999999999982
annealed,0.6,1,0.95,0.9501953125,11.39999999999999,0.95,-0.053548705031806865,-0.05129329438755058,4.261732075361748,inf,19.999999999999982
annealed,0.6,2,0.9025,0.9052734375,11.39999999999999,0.95,-0.053548705031806865,-0.05129329438755058,4.261732075361748,inf,19.999999999999982
annealed,0.6,3,0.8573749999999999,0.861328125,11.39999999999999,0.95,-0.053548705031806865,-0.05129329438755058,4.261732075361748,inf,19.999999999999982
annealed,0.6,4,0.8145062499999999,0.8154296875,11.39999999999999,0.95,-0.053548705031806865,-0.05129329438755058,4.261732075361748,inf,19.999999999999982
annealed,0.6,6,0.7350918906249998,0.744140625,11.39999999999999,0.95,-0.053548705031806865,-0.05129329438755058,4.261732075361748,inf,19.999999999999982
annealed,0.6,7,0.6983372960937497,0.7060546875,11.39999999999999,0.95,-0.053548705031806865,-0.05129329438755058,4.261732075361748,inf,19.999999999999982
annealed,0.6,9,0.6302494097246091,0.646484375,11.39999999999999,0.95,-0.053548705031806865,-0.05129329438755058,4.261732075361748,inf,19.999999999999982
annealed,0.6,11,0.5688000922764597,0.5869140625,11.39999999999999,0.95,-0.053548705031806865,-0.05129329438755058,4.261732075361748,inf,19.999999999999982
annealed,0.6,14,0.48767497911552954,0.5068359375,11.39999999999999,0.95,-0.053548705031806865,-0.05129329438755058,4.261732075361748,inf,19.999999999999982
annealed,0.6,18,0.3972143184582182,0.4228515625,11.39999999999999,0.95,-0.053548705031806865,-0.05129329438755058,4.261732075361748,inf,19.999999999999982
annealed,0.6,23,0.3073568677250236,0.3203125,11.39999999999999,0.95,-0.053548705031806865,-0.05129329438755058,4.261732075361748,inf,19.999999999999982
annealed,0.6,28,0.23782688525533216,0.2587890625,11.39999999999999,0.95,-0.053548705031806865,-0.05129329438755058,4.261732075361748,inf,19.999999999999982
annealed,0.6,36,0.1577792147882268,0.169921875,11.39999999999999,0.95,-0.053548705031806865,-0.05129329438755058,4.261732075361748,inf,19.999999999999982
annealed,0.6,45,0.09944025698709225,0.109375,11.39999999999999,0.95,-0.053548705031806865,-0.05129329438755058,4.261732075361748,inf,19.999999999999982
annealed,0.6,56,0.056561627350252934,0.064453125,11.39999999999999,0.95,-0.053548705031806865,-0.05129329438755058,4.261732075361748,inf,19.999999999999982
annealed,0.6,70,0.027583690436774964,0.0322265625,11.39999999999999,0.95,-0.053548705031806865,-0.05129329438755058,4.261732075361748,inf,19.999999999999982
annealed,0.6,88,0.01095663679740604,0.015625,11.39999999999999,0.95,-0.053548705031806865,-0.05129329438755058,4.261732075361748,inf,19.999999999999982
annealed,0.6,110,0.003544839544054162,0.0068359375,11.39999999999999,0.95,-0.053548705031806865,-0.05129329438755058,4.261732075361748,inf,19.999999999999982
annealed,0.6,138,0.0008430581474923332,0.00390625,11.39999999999999,0.95,-0.053548705031806865,-0.05129329438755058,4.261732075361748,inf,19.999999999999982
annealed,0.6,173,0.0001400179500338499,0.001953125,11.39999999999999,0.95,-0.053548705031806865,-0.05129329438755058,4.261732075361748,inf,19.999999999999982
annealed,0.6,217,1.465623256228619e-05,0.0,11.39999999999999,0.95,-0.053548705031806865,-0.05129329438755058,4.261732075361748,inf,19.999999999999982
annealed,0.6,272,8.726109100491308e-07,0.0,11.39999999999999,0.95,-0.053548705031806865,-0.05129329438755058,4.261732075361748,inf,19.999999999999982
annealed,0.6,340,2.6670170874845107e-08,0.0,11.39999999999999,0.95,-0.053548705031806865,-0.05129329438755058,4.261732075361748,inf,19.999999999999982
annealed,0.6,426,3.2378434969577257e-10,0.0,11.39999999999999,0.95,-0.053548705031806865,-0.05129329438755058,4.261732075361748,inf,19.999999999999982
annealed,0.6,533,1.338694931094837e-12,0.0,11.39999999999999,0.95,-0.053548705031806865,-0.05129329438755058,4.261732075361748,inf,19.999999999999982
annealed,0.6,667,1.3856218643702122e-15,0.0,11.39999999999999,0.95,-0.053548705031806865,-0.05129329438755058,4.261732075361748,inf,19.999999999999982
annealed,0.6,834,2.63928816853418e-19,0.0,11.39999999999999,0.95,-0.053548705031806865,-0.05129329438755058,4.261732075361748,inf,19.999999999999982
annealed,0.6,1044,5.539160147009301e-24,0.0,11.39999999999999,0.95,-0.053548705031806865,-0.05129329438755058,4.261732075361748,inf,19.999999999999982
annealed,0.6,1307,7.66923618207227e-30,0.0,11.39999999999999,0.95,-0.053548705031806865,-0.05129329438755058,4.261732075361748,inf,19.999999999999982
annealed,0.6,1635,3.7852506897791576e-37,0.0,11.39999999999999,0.95,-0.053548705031806865,-0.05129329438755058,4.261732075361748,inf,19.999999999999982
annealed,0.6,2047,2.513159348975488e-46,0.0,11.39999999999999,0.95,-0.053548705031806865,-0.05129329438755058,4.261732075361748,inf,19.999999999999982
episodic,0.6,0,1.0,1.0,11.39999999999999,0.95,-0.053548705031806865,-0.05129329438755058,4.261732075361748,inf,19.999999999999982
episodic,0.6,1,0.9499999999999997,0.9501953125,11.39999999999999,0.95,-0.053548705031806865,-0.05129329438755058,4.261732075361748,inf,19.999999999999982
episodic,0.6,2,0.9061538461538459,0.90234375,11.39999999999999,0.95,-0.053548705031806865,-0.05129329438755058,4.261732075361748,inf,19.999999999999982
episodic,0.6,3,0.8673186813186812,0.859375,11.39999999999999,0.95,-0.053548705031806865,-0.05129329438755058,4.261732075361748,inf,19.999999999999982
episodic,0.6,4,0.832625934065934,0.8359375,11.39999999999999,0.95,-0.053548705031806865,-0.05129329438755058,4.261732075361748,inf,19.999999999999982
episodic,0.6,6,0.773117668778276,0.7841796875,11.39999999999999,0.95,-0.053548705031806865,-0.05129329438755058,4.261732075361748,inf,19.999999999999982
episodic,0.6,7,0.7473470798190003,0.7607421875,11.39999999999999,0.95,-0.053548705031806865,-0.05129329438755058,4.261732075361748,inf,19.999999999999982
episodic,0.6,9,0.7020342463478695,0.708984375,11.39999999999999,0.95,-0.053548705031806865,-0.05129329438755058,4.261732075361748,inf,19.999999999999982
episodic,0.6,11,0.663376776159363,0.6748046875,11.39999999999999,0.95,-0.053548705031806865,-0.05129329438755058,4.261732075361748,inf,19.999999999999982
episodic,0.6,14,0.6148014443621216,0.6181640625,11.39999999999999,0.95,-0.053548705031806865,-0.05129329438755058,4.261732075361748,inf,19.999999999999982
episodic,0.6,18,0.5627924778299233,0.560546875,11.39999999999999,0.95,-0.053548705031806865,-0.05129329438755058,4.261732075361748,inf,19.999999999999982
episodic,0.6,23,0.5118757311358446,0.5107421875,11.39999999999999,0.95,-0.053548705031806865,-0.05129329438755058,4.261732075361748,inf,19.999999999999982
episodic,0.6,28,0.47163929488760525,0.4736328125,11.39999999999999,0.95,-0.053548705031806865,-0.05129329438755058,4.261732075361748,inf,19.999999999999982
episodic,0.6,36,0.42190806302309747,0.4326171875,11.39999999999999,0.95,-0.053548705031806865,-0.05129329438755058,4.261732075361748,inf,19.999999999999982
episodic,0.6,45,0.37996374010603534,0.3955078125,11.39999999999999,0.95,-0.053548705031806865,-0.05129329438755058,4.261732075361748,inf,19.999999999999982
episodic,0.6,56,0.341321024621924,0.35546875,11.39999999999999,0.95,-0.053548705031806865,-0.05129329438755058,4.261732075361748,inf,19.999999999999982
episodic,0.6,70,0.3046852791396237,0.3095703125,11.39999999999999,0.95,-0.053548705031806865,-0.05129329438755058,4.261732075361748,inf,19.999999999999982
episodic,0.6,88,0.2701957003691136,0.27734375,11.39999999999999,0.95,-0.053548705031806865,-0.05129329438755058,4.261732075361748,inf,19.999999999999982
episodic,0.6,110,0.2395985018958988,0.24609375,11.39999999999999,0.95,-0.053548705031806865,-0.05129329438755058,4.261732075361748,inf,19.999999999999982
episodic,0.6,138,0.21150689864770134,0.212890625,11.39999999999999,0.95,-0.053548705031806865,-0.05129329438755058,4.261732075361748,inf,19.999999999999982
episodic,0.6,173,0.18638551709296242,0.1865234375,11.39999999999999,0.95,-0.053548705031806865,-0.05129329438755058,4.261732075361748,inf,19.999999999999982
episodic,0.6,217,0.1639066694947017,0.158203125,11.39999999999999,0.95,-0.053548705031806865,-0.05129329438755058,4.261732075361748,inf,19.999999999999982
episodic,0.6,272,0.14398926245360102,0.1328125,11.39999999999999,0.95,-0.053548705031806865,-0.05129329438755058,4.261732075361748,inf,19.999999999999982
episodic,0.6,340,0.12654744540134077,0.1162109375,11.39999999999999,0.95,-0.053548705031806865,-0.05129329438755058,4.261732075361748,inf,19.999999999999982
episodic,0.6,426,0.1109629553028601,0.09375,11.39999999999999,0.95,-0.053548705031806865,-0.05129329438755058,4.261732075361748,inf,19.999999999999982
episodic,0.6,533,0.0973040680093723,0.0732421875,11.39999999999999,0.95,-0.053548705031806865,-0.05129329438755058,4.261732075361748,inf,19.999999999999982
episodic,0.6,667,0.08526512966449173,0.0615234375,11.39999999999999,0.95,-0.053548705031806865,-0.05129329438755058,4.261732075361748,inf,19.999999999999982
episodic,0.6,834,0.07471545412307502,0.05078125,11.39999999999999,0.95,-0.053548705031806865,-0.05129329438755058,4.261732075361748,inf,19.999999999999982
episodic,0.6,1044,0.06540113230712818,0.046875,11.39999999999999,0.95,-0.053548705031806865,-0.05129329438755058,4.261732075361748,inf,19.999999999999982
episodic,0.6,1307,0.05722652236962835,0.037109375,11.39999999999999,0.95,-0.053548705031806865,-0.05129329438755058,4.261732075361748,inf,19.999999999999982
episodic,0.6,1635,0.050083720384539045,0.0322265625,11.39999999999999,0.95,-0.053548705031806865,-0.05129329438755058,4.261732075361748,inf,19.999999999999982
episodic,0.6,2047,0.043801965345208305,0.0283203125,11.39999999999999,0.95,-0.053548705031806865,-0.05129329438755058,4.261732075361748,inf,19.999999999999982
annealed,1.4,0,1.0,1.0,26.599999999999973,0.95,-0.05224462405207575,-0.05129329438755058,99.85155940266296,67.49999999999994,19.999999999999982
annealed,1.4,1,0.95,0.95703125,26.599999999999973,0.95,-0.05224462405207575,-0.05129329438755058,99.85155940266296,67.49999999999994,19.999999999999982
annealed,1.4,2,0.9025,0.90625,26.599999999999973,0.95,-0.05224462405207575,-0.05129329438755058,99.85155940266296,67.49999999999994,19.999999999999982
annealed,1.4,3,0.8573749999999999,0.853515625,26.599999999999973,0.95,-0.05224462405207575,-0.05129329438755058,99.85155940266296,67.49999999999994,19.999999999999982
annealed,1.4,4,0.8145062499999999,0.8095703125,26.599999999999973,0.95,-0.05224462405207575,-0.05129329438755058,99.85155940266296,67.49999999999994,19.999999999999982
annealed,1.4,6,0.7350918906249998,0.7421875,26.599999999999973,0.95,-0.05224462405207575,-0.05129329438755058,99.85155940266296,67.49999999999994,19.999999999999982
annealed,1.4,7,0.6983372960937497,0.701171875,26.599999999999973,0.95,-0.05224462405207575,-0.05129329438755058,99.85155940266296,67.49999999999994,19.999999999999982
annealed,1.4,9,0.6302494097246091,0.640625,26.599999999999973,0.95,-0.05224462405207575,-0.05129329438755058,99.85155940266296,67.49999999999994,19.999999999999982
annealed,1.4,11,0.5688000922764597,0.5751953125,26.599999999999973,0.95,-0.05224462405207575,-0.05129329438755058,99.85155940266296,67.49999999999994,19.999999999999982
annealed,1.4,14,0.48767497911552954,0.490234375,26.599999999999973,0.95,-0.05224462405207575,-0.05129329438755058,99.85155940266296,67.49999999999994,19.999999999999982
annealed,1.4,18,0.3972143184582182,0.3955078125,26.599999999999973,0.95,-0.05224462405207575,-0.05129329438755058,99.85155940266296,67.49999999999994,19.999999999999982
annealed,1.4,23,0.3073568677250236,0.3017578125,26.599999999999973,0.95,-0.05224462405207575,-0.05129329438755058,99.85155940266296,67.49999999999994,19.999999999999982
annealed,1.4,28,0.23782688525533216,0.2314453125,26.599999999999973,0.95,-0.05224462405207575,-0.05129329438755058,99.85155940266296,67.49999999999994,19.999999999999982
annealed,1.4,36,0.1577792147882268,0.1435546875,26.599999999999973,0.95,-0.05224462405207575,-0.05129329438755058,99.85155940266296,67.49999999999994,19.999999999999982
annealed,1.4,45,0.09944025698709225,0.08203125,26.599999999999973,0.95,-0.05224462405207575,-0.05129329438755058,99.85155940266296,67.49999999999994,19.999999999999982
annealed,1.4,56,0.056561627350252934,0.041015625,26.599999999999973,0.95,-0.05224462405207575,-0.05129329438755058,99.85155940266296,67.49999999999994,19.999999999999982
annealed,1.4,70,0.027583690436774964,0.0205078125,26.599999999999973,0.95,-0.05224462405207575,-0.05129329438755058,99.85155940266296,67.49999999999994,19.999999999999982
annealed,1.4,88,0.01095663679740604,0.0078125,26.599999999999973,0.95,-0.05224462405207575,-0.05129329438755058,99.85155940266296,67.49999999999994,19.999999999999982
annealed,1.4,110,0.003544839544054162,0.001953125,26.599999999999973,0.95,-0.05224462405207575,-0.05129329438755058,99.85155940266296,67.49999999999994,19.999999999999982
annealed,1.4,138,0.0008430581474923332,0.0,26.599999999999973,0.95,-0.05224462405207575,-0.05129329438755058,99.85155940266296,67.49999999999994,19.999999999999982
annealed,1.4,173,0.0001400179500338499,0.0,26.599999999999973,0.95,-0.05224462405207575,-0.05129329438755058,99.85155940266296,67.49999999999994,19.999999999999982
annealed,1.4,217,1.465623256228619e-05,0.0,26.599999999999973,0.95,-0.05224462405207575,-0.05129329438755058,99.85155940266296,67.49999999999994,19.999999999999982
annealed,1.4,272,8.726109100491308e-07,0.0,26.599999999999973,0.95,-0.05224462405207575,-0.05129329438755058,99.85155940266296,67.49999999999994,19.999999999999982
annealed,1.4,340,2.6670170874845107e-08,0.0,26.599999999999973,0.95,-0.05224462405207575,-0.05129329438755058,99.85155940266296,67.49999999999994,19.999999999999982
annealed,1.4,426,3.2378434969577257e-10,0.0,26.599999999999973,0.95,-0.05224462405207575,-0.05129329438755058,99.85155940266296,67.49999999999994,19.999999999999982
annealed,1.4,533,1.338694931094837e-12,0.0,26.599999999999973,0.95,-0.05224462405207575,-0.05129329438755058,99.85155940266296,67.49999999999994,19.999999999999982
annealed,1.4,667,1.3856218643702122e-15,0.0,26.599999999999973,0.95,-0.05224462405207575,-0.05129329438755058,99.85155940266296,67.49999999999994,19.999999999999982
annealed,1.4,834,2.63928816853418e-19,0.0,26.599999999999973,0.95,-0.05224462405207575,-0.05129329438755058,99.85155940266296,67.49999999999994,19.999999999999982
annealed,1.4,1044,5.539160147009301e-24,0.0,26.599999999999973,0.95,-0.05224462405207575,-0.05129329438755058,99.85155940266296,67.49999999999994,19.999999999999982
annealed,1.4,1307,7.66923618207227e-30,0.0,26.599999999999973,0.95,-0.05224462405207575,-0.05129329438755058,99.85155940266296,67.49999999999994,19.999999999999982
annealed,1.4,1635,3.7852506897791576e-37,0.0,26.599999999999973,0.95,-0.05224462405207575,-0.05129329438755058,99.85155940266296,67.49999999999994,19.999999999999982
annealed,1.4,2047,2.513159348975488e-46,0.0,26.599999999999973,0.95,-0.05224462405207575,-0.05129329438755058,99.85155940266296,67.49999999999994,19.999999999999982
episodic,1.4,0,1.0,1.0,26.599999999999973,0.95,-0.05224462405207575,-0.05129329438755058,99.85155940266296,67.49999999999994,19.999999999999982
episodic,1.4,1,0.9500000000000004,0.955078125,26.599999999999973,0.95,-0.05224462405207575,-0.05129329438755058,99.85155940266296,67.49999999999994,19.999999999999982
episodic,1.4,2,0.9041379310344836,0.90625,26.599999999999973,0.95,-0.05224462405207575,-0.05129329438755058,99.85155940266296,67.49999999999994,19.999999999999982
episodic,1.4,3,0.8619448275862069,0.8642578125,26.599999999999973,0.95,-0.05224462405207575,-0.05129329438755058,99.85155940266296,67.49999999999994,19.999999999999982
episodic,1.4,4,0.8230182869855405,0.83203125,26.599999999999973,0.95,-0.05224462405207575,-0.05129329438755058,99.85155940266296,67.49999999999994,19.999999999999982
episodic,1.4,6,0.753622881423805,0.748046875,26.599999999999973,0.95,-0.05224462405207575,-0.05129329438755058,99.85155940266296,67.49999999999994,19.999999999999982
episodic,1.4,7,0.7225913510122363,0.720703125,26.599999999999973,0.95,-0.05224462405207575,-0.05129329438755058,99.85155940266296,67.49999999999994,19.999999999999982
episodic,1.4,9,0.6667109532006231,0.6650390625,26.599999999999973,0.95,-0.05224462405207575,-0.05129329438755058,99.85155940266296,67.49999999999994,19.999999999999982
episodic,1.4,11,0.6178504292903872,0.611328125,26.599999999999973,0.95,-0.05224462405207575,-0.05129329438755058,99.85155940266296,67.49999999999994,19.999999999999982
episodic,1.4,14,0.5551945997900856,0.541015625,26.599999999999973,0.95,-0.05224462405207575,-0.05129329438755058,99.85155940266296,67.49999999999994,19.999999999999982
episodic,1.4,18,0.48705471231198777,0.4853515625,26.599999999999973,0.95,-0.05224462405207575,-0.05129329438755058,99.85155940266296,67.49999999999994,19.999999999999982
episodic,1.4,23,0.4199944758942128,0.4130859375,26.599999999999973,0.95,-0.05224462405207575,-0.05129329438755058,99.85155940266296,67.49999999999994,19.999999999999982
episodic,1.4,28,0.367341646618215,0.35546875,26.599999999999973,0.95,-0.05224462405207575,-0.05129329438755058,99.85155940266296,67.49999999999994,19.999999999999982
episodic,1.4,36,0.30354110945205803,0.287109375,26.599999999999973,0.95,-0.05224462405207575,-0.05129329438755058,99.85155940266296,67.49999999999994,19.999999999999982
episodic,1.4,45,0.25164328585402795,0.2275390625,26.599999999999973,0.95,-0.05224462405207575,-0.05129329438755058,99.85155940266296,67.49999999999994,19.999999999999982
episodic,1.4,56,0.20611800372764555,0.1845703125,26.599999999999973,0.95,-0.05224462405207575,-0.05129329438755058,99.85155940266296,67.49999999999994,19.999999999999982
episodic,1.4,70,0.16562730945609608,0.1474609375,26.599999999999973,0.95,-0.05224462405207575,-0.05129329438755058,99.85155940266296,67.49999999999994,19.999999999999982
episodic,1.4,88,0.1304481888858374,0.1162109375,26.599999999999973,0.95,-0.05224462405207575,-0.05129329438755058,99.85155940266296,67.49999999999994,19.999999999999982
episodic,1.4,110,0.10205531204733606,0.095703125,26.599999999999973,0.95,-0.05224462405207575,-0.05129329438755058,99.85155940266296,67.49999999999994,19.999999999999982
episodic,1.4,138,0.07863495759160664,0.0693359375,26.599999999999973,0.95,-0.05224462405207575,-0.05129329438755058,99.85155940266296,67.49999999999994,19.999999999999982
episodic,1.4,173,0.060051212887246366,0.05078125,26.599999999999973,0.95,-0.05224462405207575,-0.05129329438755058,99.85155940266296,67.49999999999994,19.999999999999982
episodic,1.4,217,0.04544729916109702,0.0439453125,26.599999999999973,0.95,-0.05224462405207575,-0.05129329438755058,99.85155940266296,67.49999999999994,19.999999999999982
episodic,1.4,272,0.03418395386875354,0.0341796875,26.599999999999973,0.95,-0.05224462405207575,-0.05129329438755058,99.85155940266296,67.49999999999994,19.999999999999982
episodic,1.4,340,0.025653934094661636,0.0302734375,26.599999999999973,0.95,-0.05224462405207575,-0.05129329438755058,99.85155940266296,67.49999999999994,19.999999999999982
episodic,1.4,426,0.019102314231468902,0.0234375,26.599999999999973,0.95,-0.05224462405207575,-0.05129329438755058,99.85155940266296,67.49999999999994,19.999999999999982
episodic,1.4,533,0.014194133237682253,0.0185546875,26.599999999999973,0.95,-0.05224462405207575,-0.05129329438755058,99.85155940266296,67.49999999999994,19.999999999999982
episodic,1.4,667,0.010510584995252871,0.013671875,26.599999999999973,0.95,-0.05224462405207575,-0.05129329438755058,99.85155940266296,67.49999999999994,19.999999999999982
episodic,1.4,834,0.007771265076067698,0.009765625,26.599999999999973,0.95,-0.05224462405207575,-0.05129329438755058,99.85155940266296,67.49999999999994,19.999999999999982
episodic,1.4,1044,0.005724837522615286,0.0078125,26.599999999999973,0.95,-0.05224462405207575,-0.05129329438755058,99.85155940266296,67.49999999999994,19.999999999999982
episodic,1.4,1307,0.004209474345609352,0.0048828125,26.599999999999973,0.95,-0.05224462405207575,-0.05129329438755058,99.85155940266296,67.49999999999994,19.999999999999982
episodic,1.4,1635,0.003094173084987173,0.00390625,26.599999999999973,0.95,-0.05224462405207575,-0.05129329438755058,99.85155940266296,67.49999999999994,19.999999999999982
episodic,1.4,2047,0.0022692442265752235,0.00390625,26.599999999999973,0.95,-0.05224462405207575,-0.05129329438755058,99.85155940266296,67.49999999999994,19.999999999999982
