process,beta,length,trajectory_mean_variance,trajectory_mean_q05,trajectory_mean_q50,trajectory_mean_q95,trajectories
annealed,0.6,128,0.03412391245365143,0.1953125,0.51953125,0.8046875,1024
annealed,0.6,512,0.009885506704449654,0.34404295682907104,0.5048828125,0.6735351085662842,1024
annealed,0.6,2048,0.0023499256931245327,0.42097169160842896,0.501220703125,0.5823730230331421,1024
episodic,0.6,128,0.13140642642974854,0.0,0.46875,1.0,1024
episodic,0.6,512,0.11324213445186615,0.004199221730232239,0.4619140625,0.9918944835662842,1024
episodic,0.6,2048,0.10448944568634033,0.01472168043255806,0.467529296875,0.982348620891571,1024
annealed,1.4,128,0.03524497151374817,0.1875,0.5,0.8046875,1024
annealed,1.4,512,0.009309180080890656,0.337890625,0.498046875,0.6540038585662842,1024
annealed,1.4,2048,0.0025434568524360657,0.41413575410842896,0.494873046875,0.580078125,1024
episodic,1.4,128,0.08659185469150543,0.024609386920928955,0.5078125,0.9765625,1024
episodic,1.4,512,0.05803617089986801,0.09042969346046448,0.5,0.8861327171325684,1024
episodic,1.4,2048,0.03891869634389877,0.15251465141773224,0.498779296875,0.8122802376747131,1024
