config,replicate,layer_bottom_zero,gate,kappa_median,at_cap_fraction
A,0,0,f,4.582150459289551,0.0
A,0,0,i,4.584292411804199,0.0
A,0,0,o,4.568076133728027,0.0
A,1,0,f,4.58369779586792,0.0
A,1,0,i,4.576048851013184,0.0
A,1,0,o,4.566313743591309,0.0
A,2,0,f,4.578283309936523,0.0
A,2,0,i,4.572611331939697,0.0
A,2,0,o,4.562511444091797,0.0
A,3,0,f,4.568954944610596,0.0
A,3,0,i,4.588161945343018,0.0
A,3,0,o,4.547908306121826,0.0
A,4,0,f,4.577571392059326,0.0
A,4,0,i,4.590207099914551,0.0
A,4,0,o,4.589224338531494,0.0
F,0,0,f,4.5827460289001465,0.0
F,1,0,f,4.577033996582031,0.0
F,2,0,f,4.581859588623047,0.0
F,3,0,f,4.587471008300781,0.0
F,4,0,f,4.585042476654053,0.0
I,0,0,i,4.563026428222656,0.0
I,1,0,i,4.584410667419434,0.0
I,2,0,i,4.58004093170166,0.0
I,3,0,i,4.573423385620117,0.0
I,4,0,i,4.582546710968018,0.0
AA,0,0,f,4.589179992675781,0.0
AA,0,0,i,4.611016273498535,0.0
AA,0,0,o,4.564360618591309,0.0
AA,0,1,f,4.56114387512207,0.0
AA,0,1,i,4.568423271179199,0.0
AA,0,1,o,4.580770492553711,0.0
AA,1,0,f,4.599888801574707,0.0
AA,1,0,i,4.5903425216674805,0.0
AA,1,0,o,4.555319786071777,0.0
AA,1,1,f,4.587307929992676,0.0
AA,1,1,i,4.585849761962891,0.0
AA,1,1,o,4.579641342163086,0.0
AA,2,0,f,4.602006912231445,0.0
AA,2,0,i,4.579473495483398,0.0
AA,2,0,o,4.537215232849121,0.0
AA,2,1,f,4.571319103240967,0.0
AA,2,1,i,4.596209526062012,0.0
AA,2,1,o,4.553889751434326,0.0
AA,3,0,f,4.583953857421875,0.0
AA,3,0,i,4.575736999511719,0.0
AA,3,0,o,4.583305358886719,0.0
AA,3,1,f,4.563418865203857,0.0
AA,3,1,i,4.552807807922363,0.0
AA,3,1,o,4.54927396774292,0.0
AA,4,0,f,4.593172073364258,0.0
AA,4,0,i,4.592972755432129,0.0
AA,4,0,o,4.584213733673096,0.0
AA,4,1,f,4.560055732727051,0.0
AA,4,1,i,4.564635753631592,0.0
AA,4,1,o,4.560947418212891,0.0
AI,0,0,f,4.5776472091674805,0.0
AI,0,0,i,4.568515777587891,0.0
AI,0,0,o,4.582531929016113,0.0
AI,0,1,i,4.544682502746582,0.0
AI,1,0,f,4.60371732711792,0.0
AI,1,0,i,4.565558433532715,0.0
AI,1,0,o,4.541714668273926,0.0
AI,1,1,i,4.564837455749512,0.0
AI,2,0,f,4.558764934539795,0.0
AI,2,0,i,4.5019330978393555,0.0
AI,2,0,o,4.541891098022461,0.0
AI,2,1,i,4.608931541442871,0.0
AI,3,0,f,4.577155113220215,0.0
AI,3,0,i,4.574596405029297,0.0
AI,3,0,o,4.582172393798828,0.0
AI,3,1,i,4.567242622375488,0.0
AI,4,0,f,4.586483955383301,0.0
AI,4,0,i,4.589334487915039,0.0
AI,4,0,o,4.548985958099365,0.0
AI,4,1,i,4.559881687164307,0.0
FF,0,0,f,4.567305564880371,0.0
FF,0,1,f,4.557432174682617,0.0
FF,1,0,f,4.572235107421875,0.0
FF,1,1,f,4.5580339431762695,0.0
FF,2,0,f,4.536879062652588,0.0
FF,2,1,f,4.557359218597412,0.0
FF,3,0,f,4.57859992980957,0.0
FF,3,1,f,4.556222915649414,0.0
FF,4,0,f,4.597614765167236,0.0
FF,4,1,f,4.557769298553467,0.0
IA,0,0,i,4.566868782043457,0.0
IA,0,1,f,4.579883575439453,0.0
IA,0,1,i,4.556003570556641,0.0
IA,0,1,o,4.560359001159668,0.0
IA,1,0,i,4.598282814025879,0.0
IA,1,1,f,4.5842695236206055,0.0
IA,1,1,i,4.5642571449279785,0.0
IA,1,1,o,4.57430362701416,0.0
IA,2,0,i,4.602003574371338,0.0
IA,2,1,f,4.5908002853393555,0.0
IA,2,1,i,4.553827285766602,0.0
IA,2,1,o,4.507421493530273,0.0
IA,3,0,i,4.5514421463012695,0.0
IA,3,1,f,4.541779518127441,0.0
IA,3,1,i,4.551966667175293,0.0
IA,3,1,o,4.5392069816589355,0.0
IA,4,0,i,4.578399181365967,0.0
IA,4,1,f,4.558403968811035,0.0
IA,4,1,i,4.568536758422852,0.0
IA,4,1,o,4.573960304260254,0.0
II,0,0,i,4.583313941955566,0.0
II,0,1,i,4.559609413146973,0.0
II,1,0,i,4.601141452789307,0.0
II,1,1,i,4.587967395782471,0.0
II,2,0,i,4.555244445800781,0.0
II,2,1,i,4.559541702270508,0.0
II,3,0,i,4.571926593780518,0.0
II,3,1,i,4.577521324157715,0.0
II,4,0,i,4.568239212036133,0.0
II,4,1,i,4.550252914428711,0.0
AAA,0,0,f,4.59732723236084,0.0
AAA,0,0,i,4.610715866088867,0.0
AAA,0,0,o,4.58830451965332,0.0
AAA,0,1,f,4.574816703796387,0.0
AAA,0,1,i,4.581851005554199,0.0
AAA,0,1,o,4.583776473999023,0.0
AAA,0,2,f,4.564667701721191,0.0
AAA,0,2,i,4.575743675231934,0.0
AAA,0,2,o,4.572700500488281,0.0
AAA,1,0,f,4.609222412109375,0.0
AAA,1,0,i,4.672096252441406,0.0
AAA,1,0,o,4.57741641998291,0.0
AAA,1,1,f,4.56565523147583,0.0
AAA,1,1,i,4.556687355041504,0.0
AAA,1,1,o,4.584993362426758,0.0
AAA,1,2,f,4.570239067077637,0.0
AAA,1,2,i,4.585046768188477,0.0
AAA,1,2,o,4.550876617431641,0.0
AAA,2,0,f,4.597931861877441,0.0
AAA,2,0,i,4.608192443847656,0.0
AAA,2,0,o,4.604500770568848,0.0
AAA,2,1,f,4.5804362297058105,0.0
AAA,2,1,i,4.574979782104492,0.0
AAA,2,1,o,4.580502510070801,0.0
AAA,2,2,f,4.591058731079102,0.0
AAA,2,2,i,4.561168193817139,0.0
AAA,2,2,o,4.548832893371582,0.0
AAA,3,0,f,4.604293346405029,0.0
AAA,3,0,i,4.590331077575684,0.0
AAA,3,0,o,4.568319320678711,0.0
AAA,3,1,f,4.590045928955078,0.0
AAA,3,1,i,4.594805717468262,0.0
AAA,3,1,o,4.620777130126953,0.0
AAA,3,2,f,4.59288215637207,0.0
AAA,3,2,i,4.603449821472168,0.0
AAA,3,2,o,4.61257266998291,0.0
AAA,4,0,f,4.589840412139893,0.0
AAA,4,0,i,4.6224565505981445,0.0
AAA,4,0,o,4.5898284912109375,0.0
AAA,4,1,f,4.589476585388184,0.0
AAA,4,1,i,4.592073440551758,0.0
AAA,4,1,o,4.587832927703857,0.0
AAA,4,2,f,4.562168121337891,0.0
AAA,4,2,i,4.565342426300049,0.0
AAA,4,2,o,4.594390392303467,0.0
AID,0,0,f,4.56691837310791,0.0
AID,0,0,i,4.593181133270264,0.0
AID,0,0,o,4.548623085021973,0.0
AID,0,1,i,4.567192077636719,0.0
AID,1,0,f,4.579539775848389,0.0
AID,1,0,i,4.603830337524414,0.0
AID,1,0,o,4.586016654968262,0.0
AID,1,1,i,4.581521987915039,0.0
AID,2,0,f,4.580982208251953,0.0
AID,2,0,i,4.600940704345703,0.0
AID,2,0,o,4.586033344268799,0.0
AID,2,1,i,4.594393730163574,0.0
AID,3,0,f,4.593027114868164,0.0
AID,3,0,i,4.59033203125,0.0
AID,3,0,o,4.594015598297119,0.0
AID,3,1,i,4.566990852355957,0.0
AID,4,0,f,4.5875654220581055,0.0
AID,4,0,i,4.607115745544434,0.0
AID,4,0,o,4.580485820770264,0.0
AID,4,1,i,4.595016002655029,0.0
AIF,0,0,f,4.596672534942627,0.0
AIF,0,0,i,4.576474189758301,0.0
AIF,0,0,o,4.558398246765137,0.0
AIF,0,1,i,4.584527015686035,0.0
AIF,0,2,f,4.597690582275391,0.0
AIF,1,0,f,4.586820125579834,0.0
AIF,1,0,i,4.579139709472656,0.0
AIF,1,0,o,4.5817108154296875,0.0
AIF,1,1,i,4.588841438293457,0.0
AIF,1,2,f,4.554706573486328,0.0
AIF,2,0,f,4.608426570892334,0.0
AIF,2,0,i,4.6381402015686035,0.0
AIF,2,0,o,4.566198825836182,0.0
AIF,2,1,i,4.55100154876709,0.0
AIF,2,2,f,4.563042640686035,0.0
AIF,3,0,f,4.598394393920898,0.0
AIF,3,0,i,4.592494964599609,0.0
AIF,3,0,o,4.565814971923828,0.0
AIF,3,1,i,4.580331325531006,0.0
AIF,3,2,f,4.595961570739746,0.0
AIF,4,0,f,4.592799186706543,0.0
AIF,4,0,i,4.586789131164551,0.0
AIF,4,0,o,4.59188175201416,0.0
AIF,4,1,i,4.580696105957031,0.0
AIF,4,2,f,4.565521240234375,0.0
DIA,0,1,i,4.5794901847839355,0.0
DIA,0,2,f,4.577127933502197,0.0
DIA,0,2,i,4.568744659423828,0.0
DIA,0,2,o,4.55792760848999,0.0
DIA,1,1,i,4.587087631225586,0.0
DIA,1,2,f,4.572608947753906,0.0
DIA,1,2,i,4.5615458488464355,0.0
DIA,1,2,o,4.5643463134765625,0.0
DIA,2,1,i,4.5750274658203125,0.0
DIA,2,2,f,4.5869855880737305,0.0
DIA,2,2,i,4.564770698547363,0.0
DIA,2,2,o,4.571299076080322,0.0
DIA,3,1,i,4.580986022949219,0.0
DIA,3,2,f,4.574377536773682,0.0
DIA,3,2,i,4.5735931396484375,0.0
DIA,3,2,o,4.5680036544799805,0.0
DIA,4,1,i,4.595447540283203,0.0
DIA,4,2,f,4.581546306610107,0.0
DIA,4,2,i,4.57680606842041,0.0
DIA,4,2,o,4.558316230773926,0.0
FFF,0,0,f,4.568996429443359,0.0
FFF,0,1,f,4.566768169403076,0.0
FFF,0,2,f,4.58184814453125,0.0
FFF,1,0,f,4.599252223968506,0.0
FFF,1,1,f,4.593352317810059,0.0
FFF,1,2,f,4.560579776763916,0.0
FFF,2,0,f,4.584845542907715,0.0
FFF,2,1,f,4.568958282470703,0.0
FFF,2,2,f,4.541708946228027,0.0
FFF,3,0,f,4.595477104187012,0.0
FFF,3,1,f,4.566587924957275,0.0
FFF,3,2,f,4.5837812423706055,0.0
FFF,4,0,f,4.599212646484375,0.0
FFF,4,1,f,4.580347537994385,0.0
FFF,4,2,f,4.571006774902344,0.0
FIA,0,0,f,4.587794303894043,0.0
FIA,0,1,i,4.578271865844727,0.0
FIA,0,2,f,4.571264743804932,0.0
FIA,0,2,i,4.533592224121094,0.0
FIA,0,2,o,4.573412895202637,0.0
FIA,1,0,f,4.605650424957275,0.0
FIA,1,1,i,4.584499359130859,0.0
FIA,1,2,f,4.577559471130371,0.0
FIA,1,2,i,4.5579986572265625,0.0
FIA,1,2,o,4.564451217651367,0.0
FIA,2,0,f,4.602378845214844,0.0
FIA,2,1,i,4.594269752502441,0.0
FIA,2,2,f,4.5621018409729,0.0
FIA,2,2,i,4.546697616577148,0.0
FIA,2,2,o,4.538776397705078,0.0
FIA,3,0,f,4.580593109130859,0.0
FIA,3,1,i,4.58338737487793,0.0
FIA,3,2,f,4.565104961395264,0.0
FIA,3,2,i,4.570987701416016,0.0
FIA,3,2,o,4.599909782409668,0.0
FIA,4,0,f,4.590456008911133,0.0
FIA,4,1,i,4.586278915405273,0.0
FIA,4,2,f,4.583870887756348,0.0
FIA,4,2,i,4.572257995605469,0.0
FIA,4,2,o,4.582518100738525,0.0
III,0,0,i,4.6028242111206055,0.0
III,0,1,i,4.5504045486450195,0.0
III,0,2,i,4.578427314758301,0.0
III,1,0,i,4.590425968170166,0.0
III,1,1,i,4.591753959655762,0.0
III,1,2,i,4.580451965332031,0.0
III,2,0,i,4.591989040374756,0.0
III,2,1,i,4.581900596618652,0.0
III,2,2,i,4.572755813598633,0.0
III,3,0,i,4.590724468231201,0.0
III,3,1,i,4.577644348144531,0.0
III,3,2,i,4.575199127197266,0.0
III,4,0,i,4.585599899291992,0.0
III,4,1,i,4.580413818359375,0.0
III,4,2,i,4.575902938842773,0.0
