config,replicate,delta_nll_shuffled
A,0,-0.004450863692909479
A,1,0.009611175395548344
A,2,-0.0036108295898884535
A,3,-0.004241280723363161
A,4,-0.0026144373696297407
D,0,-0.0027798458468168974
D,1,0.00010842342453543097
D,2,-0.003988413140177727
D,3,-0.0019297570688650012
D,4,-0.0017455853521823883
F,0,-0.0019969723653048277
F,1,-0.00024033954832702875
F,2,-0.0030277068726718426
F,3,-0.0011290264083072543
F,4,-0.0022926817182451487
I,0,-0.003031091531738639
I,1,0.0006999862962402403
I,2,-0.0036927855107933283
I,3,-0.002188376383855939
I,4,-0.0018272786401212215
AA,0,0.0036980172153562307
AA,1,0.03894929960370064
AA,2,0.04123079776763916
AA,3,-0.0005229248199611902
AA,4,0.0015627064276486635
AI,0,0.004729801323264837
AI,1,0.04048315808176994
AI,2,0.0349174439907074
AI,3,0.0005279760807752609
AI,4,0.0012482772581279278
DD,0,0.005270699504762888
DD,1,0.003502445062622428
DD,2,0.03669249266386032
DD,3,-0.00040066830115392804
DD,4,0.002258832333609462
FF,0,0.006167156156152487
FF,1,0.004256998188793659
FF,2,0.03413965553045273
FF,3,0.00023888879513833672
FF,4,0.0027886503376066685
IA,0,0.004186618607491255
IA,1,0.00357725378125906
IA,2,0.04164125770330429
IA,3,0.03799595683813095
IA,4,0.001996248960494995
II,0,0.005017456132918596
II,1,0.04135039821267128
II,2,0.024376574903726578
II,3,-2.0002509700134397e-05
II,4,0.0015168609097599983
AAA,0,0.00430949404835701
AAA,1,0.06522811949253082
AAA,2,0.006812095642089844
AAA,3,0.06024041026830673
AAA,4,-0.00035197794204577804
AID,0,0.05690453201532364
AID,1,-0.0004219791735522449
AID,2,0.000865250825881958
AID,3,-1.3159013178665191e-05
AID,4,0.00018654229643289
AIF,0,0.005738416220992804
AIF,1,-0.001316250883974135
AIF,2,0.048366036266088486
AIF,3,0.006725255865603685
AIF,4,0.00025488564278930426
DDD,0,0.00863547995686531
DDD,1,-0.0014721507905051112
DDD,2,0.00037826469633728266
DDD,3,0.006465285085141659
DDD,4,-1.2735157724819146e-05
DIA,0,0.0043076155707240105
DIA,1,0.0009383202414028347
DIA,2,-0.0002261911577079445
DIA,3,0.007899786345660686
DIA,4,1.3319062418304384e-05
FFF,0,0.002767240861430764
FFF,1,-0.0012848230544477701
FFF,2,0.0005962992436252534
FFF,3,0.000350905058439821
FFF,4,0.0004955018521286547
FIA,0,0.014027534052729607
FIA,1,-0.0017770474078133702
FIA,2,0.0017137954710051417
FIA,3,0.000504354655276984
FIA,4,-0.001663391594775021
III,0,0.002184550976380706
III,1,-0.001439558109268546
III,2,0.0012818489922210574
III,3,0.0016163400141522288
III,4,0.00024672423023730516
