contender,baseline,metric,delta,low95,high95,seed_deltas,plots
A,D,nll,-0.0019761782605201006,-0.005637267231227101,0.000978577604601687,"{0: -0.004490000195801258, 1: -0.00839999970048666, 2: -0.0013699999544769526, 3: 0.0008099999977275729, 4: 0.0035600000992417336}",162
A,D,crps,-0.0006593788244202001,-0.0018545238554903418,0.0005153181159640807,"{0: -0.00036, 1: -0.00679, 2: 0.00159, 3: 0.00053, 4: 0.00174}",162
A,D,mae_log,-0.00039877285598777235,-0.0016497169220908998,0.0007826705577748343,"{0: -0.0002500000118743628, 1: -0.0049299998208880424, 2: 0.0013500000350177288, 3: -0.00016999999934341758, 4: 0.0020099999383091927}",162
A,D,tail_brier,-0.00028897509162808643,-0.0009412619508342979,0.0003082934721016588,"{0: 7e-05, 1: -0.00148, 2: -6e-05, 3: -0.00062, 4: 0.00064}",162
A,D,energy,-0.0003239304933231324,-0.010223383951635674,0.00873467271296339,"{0: -0.005779999773949385, 1: -0.009669999592006207, 2: 0.004970000125467777, 3: -0.00343000004068017, 4: 0.01228999998420477}",162
A,D,variogram,0.0025095416337108005,-0.006661766481240791,0.012076706710964513,"{0: 0.00728, 1: -0.01786, 2: 0.00411, 3: 0.0096, 4: 0.00942}",162
AA,DD,nll,0.010412303730845451,0.0006345492567808474,0.022455665598129226,"{0: 0.006850000005215406, 1: 0.01104000024497509, 2: 0.04276999831199646, 3: -0.004819999914616346, 4: -0.0037799999117851257}",162
AA,DD,crps,0.00322950822553248,0.00021958663969762172,0.0065158300499979895,"{0: 0.00266, 1: -4e-05, 2: 0.01481, 3: -0.00071, 4: -0.00057}",162
AA,DD,mae_log,0.00520304124802351,0.0022100882223853265,0.008250375241541518,"{0: 0.0021899999119341373, 1: 0.005470000207424164, 2: 0.017839999869465828, 3: 0.00016999999934341758, 4: 0.00033999999868683517}",162
AA,DD,tail_brier,0.0001637399932484568,-0.0005851274655189043,0.0008025557906539352,"{0: -0.00036, 1: 0.00048, 2: 0.00148, 3: -0.00032, 4: -0.00046}",162
AA,DD,energy,0.015263182111084461,0.001749094998349729,0.029175215068028556,"{0: 0.0030700000934302807, 1: 0.021330000832676888, 2: 0.05741000175476074, 3: 0.0021800000686198473, 4: -0.007670000195503235}",162
AA,DD,variogram,-0.004409729884143392,-0.015227417842443235,0.007276825820712795,"{0: 0.00525, 1: -0.01907, 2: -0.00667, 3: 0.00069, 4: -0.00225}",162
AAA,DDD,nll,0.0038133691996335983,-0.015177867856942208,0.025595133246149347,"{0: -0.015049999579787254, 1: 0.03206999972462654, 2: 0.005169999785721302, 3: -0.0005200000014156103, 4: -0.0026100000832229853}",162
AAA,DDD,crps,-0.004222869481232789,-0.009005738529369402,0.0007527231361730808,"{0: -0.00103, 1: -0.01076, 2: -0.00072, 3: -0.00821, 4: -0.0004}",162
AAA,DDD,mae_log,-7.987095887074247e-05,-0.0043357264849537055,0.00455742170434287,"{0: -0.0016299999551847577, 1: -0.0005099999834783375, 2: 0.003010000102221966, 3: -0.0012199999764561653, 4: -4.999999873689376e-05}",162
AAA,DDD,tail_brier,-2.1776740933641975e-05,-0.0009778189953462578,0.000891876220703125,"{0: -0.00046, 1: 0.00013, 2: -0.00067, 3: 0.00109, 4: -0.00019}",162
AAA,DDD,energy,0.016478531062602997,-0.0022351951290203688,0.03488561236538513,"{0: -0.01298999972641468, 1: 0.08730000257492065, 2: 0.009669999592006207, 3: 0.0023799999617040157, 4: -0.003969999961555004}",162
AAA,DDD,variogram,-0.0035133783208478432,-0.01940008950537385,0.012419816404810742,"{0: 0.0196, 1: -0.03089, 2: -0.01228, 3: 0.00667, 4: -0.00068}",162
AI,DD,nll,0.004526232834905386,-0.005032414376793535,0.015547716293480738,"{0: -0.004290000069886446, 1: 0.012369999662041664, 2: 0.030079999938607216, 3: -0.00395999988541007, 4: -0.01157000008970499}",162
AI,DD,crps,0.00039195665139300155,-0.0024888404664418534,0.0033464199389493356,"{0: -0.00173, 1: -0.0031, 2: 0.01053, 3: -0.00041, 4: -0.00333}",162
AI,DD,mae_log,0.0034989623818546534,0.0005614882758284998,0.00654230896523384,"{0: -0.001069999998435378, 1: 0.003379999892786145, 2: 0.015949999913573265, 3: -5.999999848427251e-05, 4: -0.0007099999929778278}",162
AI,DD,tail_brier,0.00018996250482253087,-0.00033569901077835646,0.0007331791630497685,"{0: 9e-05, 1: 0.00059, 2: 0.00082, 3: -0.00014, 4: -0.00041}",162
AI,DD,energy,0.012654092162847519,-0.002368327387146699,0.027825440825144595,"{0: -0.006750000175088644, 1: 0.016340000554919243, 2: 0.05578000098466873, 3: 0.0027699999045580626, 4: -0.0048699998296797276}",162
AI,DD,variogram,-0.005629146371104375,-0.01715328216401103,0.00855955024929532,"{0: 0.00642, 1: -0.01909, 2: 0.00101, 3: 0.00102, 4: -0.01751}",162
AID,DDD,nll,0.015548291616141796,0.005833487269832583,0.02703984563961035,"{0: 0.07575000077486038, 1: -0.008960000239312649, 2: 0.0002099999983329326, 3: 0.010830000042915344, 4: -9.000000136438757e-05}",162
AID,DDD,crps,0.0023413159144568528,-0.00037668004355677565,0.005109626924687212,"{0: 0.00493, 1: -0.0016, 2: 0.00064, 3: 0.00776, 4: -3e-05}",162
AID,DDD,mae_log,0.002639118814840913,0.0004048592825868436,0.005049863766880999,"{0: 0.011549999937415123, 1: -0.000910000002477318, 2: 0.00011999999696854502, 3: 0.0028099999763071537, 4: -0.0003699999942909926}",162
AID,DDD,tail_brier,0.0004732861930941358,-0.00011997740945698302,0.0011811790937258874,"{0: 0.00053, 1: 0.00034, 2: 0.0004, 3: 0.00104, 4: 5e-05}",162
AID,DDD,energy,0.012360605411231518,-0.00012864569172939158,0.02526125050395017,"{0: 0.08890999853610992, 1: -0.005280000157654285, 2: -0.0017399999778717756, 3: -0.007180000189691782, 4: -0.012910000048577785}",162
AID,DDD,variogram,0.003924199514686958,-0.006006823623876132,0.014342613108344828,"{0: -0.01736, 1: -0.00407, 2: 0.01359, 3: 0.02209, 4: 0.00537}",162
AIF,DDD,nll,0.007679542526602745,-0.002349173785154966,0.021121852577617672,"{0: 0.0008999999845400453, 1: 0.008580000139772892, 2: 0.0269399993121624, 3: 0.0030300000216811895, 4: -0.0010499999625608325}",162
AIF,DDD,crps,0.0014794169710261205,-0.0004980127057900774,0.0036733645675984194,"{0: 0.00265, 1: 0.00212, 2: -0.00014, 3: 0.00257, 4: 0.0002}",162
AIF,DDD,mae_log,0.001840634853579104,5.3517979780915636e-05,0.003553832877184538,"{0: 0.0006699999794363976, 1: 0.0013299999991431832, 2: 0.006169999949634075, 3: 0.000910000002477318, 4: 0.00011999999696854502}",162
AIF,DDD,tail_brier,-0.00013277030285493828,-0.0007275880413290896,0.0005180810998987268,"{0: -0.00048, 1: 0.00047, 2: -0.00037, 3: -0.00012, 4: -0.00015}",162
AIF,DDD,energy,0.008645502850413322,-0.00132496364171127,0.01851572221445773,"{0: 0.003329999977722764, 1: 0.000859999970998615, 2: 0.04916999861598015, 3: -0.00430000014603138, 4: -0.005840000230818987}",162
AIF,DDD,variogram,0.0005935748293120056,-0.008635233629865626,0.009618643652947095,"{0: 0.02059, 1: -0.0008, 2: -0.02358, 3: -0.00031, 4: 0.00707}",162
DIA,DDD,nll,-0.002783505478873849,-0.00556674656139045,-0.0003105581964653675,"{0: -0.0010900000343099236, 1: -0.0044200001284480095, 2: 0.001879999996162951, 3: -0.0014799999771639705, 4: -0.00880999956279993}",162
DIA,DDD,crps,-0.00023901201631590488,-0.0010232368337665613,0.0005061979995613436,"{0: -0.00067, 1: -0.00034, 2: 0.00141, 3: -0.00013, 4: -0.00146}",162
DIA,DDD,mae_log,4.741350858239457e-05,-0.000585054065916744,0.0006868811286893353,"{0: -0.0018500000005587935, 1: -9.999999747378752e-06, 2: 0.0012499999720603228, 3: 0.0015800000401213765, 4: -0.0007300000288523734}",162
DIA,DDD,tail_brier,-5.21436149691358e-05,-0.0004429551112798997,0.0003031619978539736,"{0: -0.00027, 1: 0.00027, 2: 0.0001, 3: 0.0003, 4: -0.00066}",162
DIA,DDD,energy,-0.0037774397060275078,-0.01331220252497677,0.005553790227731725,"{0: -0.009759999811649323, 1: 0.00267999991774559, 2: 0.00494999997317791, 3: -0.004689999856054783, 4: -0.012070000171661377}",162
DIA,DDD,variogram,0.005518463083357544,-0.0036281138591253304,0.015943929250360894,"{0: 0.00576, 1: 0.01194, 2: 0.00738, 3: 0.00057, 4: 0.00194}",162
F,D,nll,-0.0004051151918247342,-0.0009618022608357271,6.673881827228772e-05,"{0: -0.001129999989643693, 1: -0.0003499999875202775, 2: -0.0006399999838322401, 3: 0.0003499999875202775, 4: -0.0002500000118743628}",162
F,D,crps,9.989332597970329e-05,-6.58431729268371e-05,0.00029484097732092963,"{0: -0.00012, 1: 6e-05, 2: 0.0002, 3: 0.00036, 4: 1e-05}",162
F,D,mae_log,0.00033124012406915426,0.00017651581835509577,0.0005010157536812838,"{0: 0.0003499999875202775, 1: 0.00019999999494757503, 2: 0.00046999999904073775, 3: 0.0005499999970197678, 4: 9.000000136438757e-05}",162
F,D,tail_brier,-0.00013774353780864198,-0.0003599322283709491,9.133044584297839e-05,"{0: -5e-05, 1: 9e-05, 2: -0.00018, 3: -0.00024, 4: -0.00031}",162
F,D,energy,0.002302246866747737,-0.0074804464623423285,0.011677275917791566,"{0: 0.0015300000086426735, 1: -0.0031999999191612005, 2: 0.0048699998296797276, 3: 0.006399999838322401, 4: 0.0019199999514967203}",162
F,D,variogram,0.007481041882411482,-0.0017519981676487732,0.017269114419738076,"{0: 0.00283, 1: 0.007, 2: 0.01603, 3: 0.00419, 4: 0.00735}",162
FF,DD,nll,-0.0012058502761647105,-0.002395015691186691,-0.00013568348530172464,"{0: 0.001129999989643693, 1: -0.002300000051036477, 2: -0.0006699999794363976, 3: -0.00203000009059906, 4: -0.00215000007301569}",162
FF,DD,crps,-0.0001285295787991505,-0.00044841867246383794,0.0001875399400447123,"{0: 0.00085, 1: -0.00081, 2: 0.00019, 3: -0.00054, 4: -0.00033}",162
FF,DD,mae_log,8.149928908096626e-05,-0.00018316728685336493,0.00035619953752734823,"{0: 0.0010900000343099236, 1: -0.0006099999882280827, 2: 0.00046999999904073775, 3: -0.00022000000171829015, 4: -0.00033000000985339284}",162
FF,DD,tail_brier,2.923659336419753e-05,-0.00022056108639564043,0.00029520482192804773,"{0: 0.0003, 1: 0.0003, 2: 0.0002, 3: -0.00044, 4: -0.00021}",162
FF,DD,energy,-0.002740963827818632,-0.011541950536164582,0.006691261151134335,"{0: 0.0051299999468028545, 1: -0.006750000175088644, 2: -0.0029100000392645597, 3: -0.005059999879449606, 4: -0.004110000096261501}",162
FF,DD,variogram,0.0036299294805317702,-0.00496372637909686,0.013165716055129948,"{0: 0.00693, 1: 0.00498, 2: 0.00199, 3: 3e-05, 4: 0.00422}",162
FFF,DDD,nll,0.0011806674301624298,-0.0026223937273984863,0.004662550295277604,"{0: 0.0020200000144541264, 1: -0.0028800000436604023, 2: 0.0014100000262260437, 3: 0.006730000022798777, 4: -0.0013699999544769526}",162
FFF,DDD,crps,0.0020083121649814343,0.000199647448171284,0.003962926616822114,"{0: 0.00404, 1: -0.00037, 2: 0.00044, 3: 0.00605, 4: -0.00011}",162
FFF,DDD,mae_log,0.0006674737087450922,-0.0011762545257748215,0.0025930664417683482,"{0: 0.0017900000093504786, 1: -0.00015999999595806003, 2: 0.00011999999696854502, 3: 0.001560000004246831, 4: 2.9999999242136255e-05}",162
FFF,DDD,tail_brier,0.00016946674864969135,-0.000650830680941358,0.0012121431327160488,"{0: 0.00011, 1: 0.00036, 2: -0.00033, 3: 0.00084, 4: -0.00014}",162
FFF,DDD,energy,-0.0029294828418642282,-0.011995294435392781,0.006798338334803342,"{0: -0.002689999993890524, 1: -0.0017500000540167093, 2: -0.0037299999967217445, 3: -0.00798999983817339, 4: 0.0015200000489130616}",162
FFF,DDD,variogram,0.012272950591961467,0.002894754399349489,0.022055997432415233,"{0: 0.01446, 1: 0.00761, 2: 0.00845, 3: 0.02202, 4: 0.00882}",162
FIA,DDD,nll,0.0001334908592980355,-0.0036775388772021856,0.004218148342828565,"{0: -0.00786999985575676, 1: 0.00014000000373926014, 2: 4.999999873689376e-05, 3: 0.004769999999552965, 4: 0.003590000094845891}",162
FIA,DDD,crps,0.00015343574393383386,-0.0010892688417771653,0.0016547659809623531,"{0: -0.00418, 1: 0.0004, 2: -0.00215, 3: 0.00619, 4: 0.00051}",162
FIA,DDD,mae_log,-0.0006225496763363481,-0.00193101497482272,0.0007171826733498658,"{0: -0.0044200001284480095, 1: 0.00014000000373926014, 2: -0.0009599999757483602, 3: 0.0017099999822676182, 4: 0.0004199999966658652}",162
FIA,DDD,tail_brier,-4.671826774691358e-05,-0.0006475208423755786,0.0005943580910011574,"{0: -0.0005, 1: 0.0007, 2: -0.00076, 3: 0.00068, 4: -0.00035}",162
FIA,DDD,energy,-0.0023793315049260855,-0.012105657961239311,0.007753175165864241,"{0: -0.0015399999683722854, 1: 0.0030499999411404133, 2: -0.0003499999875202775, 3: -0.010440000332891941, 4: -0.0026199999265372753}",162
FIA,DDD,variogram,0.007200523683833464,-0.0007579434364607756,0.015610703543618674,"{0: 0.0086, 1: 0.00041, 2: 0.00306, 3: 0.02743, 4: -0.0035}",162
I,D,nll,-0.0019640945829451084,-0.003787396193724873,-0.0004592484501138386,"{0: -0.00547999981790781, 1: -0.0010400000028312206, 2: -0.0049600000493228436, 3: -0.00011999999696854502, 4: 0.0017800000496208668}",162
I,D,crps,-0.0010405698677899509,-0.0015493823171355717,-0.0005713158220564045,"{0: -0.00246, 1: -0.00193, 2: -0.00175, 3: 0.00029, 4: 0.00065}",162
I,D,mae_log,-0.0008564261952415109,-0.0014054979072167875,-0.0003441417624677108,"{0: -0.0023399998899549246, 1: -0.0022299999836832285, 2: -0.0008999999845400453, 3: 0.00033000000985339284, 4: 0.000859999970998615}",162
I,D,tail_brier,8.974428530092592e-05,-0.0002525084695698302,0.00041889331958912035,"{0: 3e-05, 1: 0.00034, 2: 0.00016, 3: 0.00017, 4: -0.00025}",162
I,D,energy,-0.0012352649355307221,-0.011387926051436268,0.008758939830636612,"{0: -0.00622999994084239, 1: -0.008510000072419643, 2: -0.004900000058114529, 3: 0.007519999984651804, 4: 0.005950000137090683}",162
I,D,variogram,0.005385323787081846,-0.004513998830877085,0.015264466179043661,"{0: 0.01334, 1: 0.01151, 2: -0.01483, 3: 0.00584, 4: 0.01107}",162
IA,DD,nll,0.009384856559336185,0.00043274783435023255,0.01980079386845363,"{0: 0.011339999735355377, 1: 0.0036200000904500484, 2: 0.012400000356137753, 3: 0.021309999749064445, 4: -0.0017399999778717756}",162
IA,DD,crps,0.0025684299170084758,-0.0003882724892311396,0.005809214886864524,"{0: 0.00577, 1: 0.00125, 2: 0.00685, 3: -0.00228, 4: 0.00125}",162
IA,DD,mae_log,0.004005813971161842,0.001088578446764766,0.006940827906602166,"{0: 0.004689999856054783, 1: 0.0011099999537691474, 2: 0.008990000002086163, 3: 0.0041600000113248825, 4: 0.00107999995816499}",162
IA,DD,tail_brier,1.4467592592592593e-05,-0.0007754874523775077,0.0006940243567949459,"{0: -0.00014, 1: 5e-05, 2: 0.00121, 3: -0.00052, 4: -0.00052}",162
IA,DD,energy,0.015462135896086693,0.003260426287593918,0.027576872943366953,"{0: 0.008999999612569809, 1: 0.0018500000005587935, 2: 0.02355000004172325, 3: 0.04004000127315521, 4: 0.002859999891370535}",162
IA,DD,variogram,-0.007837005942826785,-0.018031899043395763,0.0027069671063279857,"{0: 0.00996, 1: 0.00493, 2: -0.00715, 3: -0.05509, 4: 0.00815}",162
II,DD,nll,0.0050543020479381084,-0.0021241310050777147,0.01486884762663617,"{0: 0.002319999970495701, 1: 0.026319999247789383, 2: -0.0002899999963119626, 3: -0.0005200000014156103, 4: -0.002570000011473894}",162
II,DD,crps,0.001162055660578066,-0.0009295219628754889,0.003158505026057007,"{0: 0.00056, 1: 0.00494, 2: -0.0001, 3: 0.00041, 4: 1e-05}",162
II,DD,mae_log,0.00219464348629117,-0.000136422672994179,0.004291384205489634,"{0: 0.0002300000051036477, 1: 0.009290000423789024, 2: 0.00033000000985339284, 3: 0.0005600000149570405, 4: 0.0005600000149570405}",162
II,DD,tail_brier,-9.419005594135802e-06,-0.0006346507131317516,0.0005620094581886574,"{0: -0.0002, 1: 0.00056, 2: 2e-05, 3: 0.00013, 4: -0.00056}",162
II,DD,energy,0.00554120447486639,-0.005465054763484614,0.016853631791446437,"{0: -0.0003100000030826777, 1: 0.03756000101566315, 2: -0.007819999940693378, 3: -0.0023300000466406345, 4: 0.0006000000284984708}",162
II,DD,variogram,-0.0007368687744779461,-0.010078212186496058,0.008228800250525912,"{0: -0.00143, 1: -0.01216, 2: -0.00367, 3: 0.00519, 4: 0.00839}",162
III,DDD,nll,0.00183267577085644,-0.001426754138703001,0.005011121582205821,"{0: 0.005609999876469374, 1: -0.0023499999660998583, 2: 0.0002500000118743628, 3: 0.006909999996423721, 4: -0.0012499999720603228}",162
III,DDD,crps,0.0014005445199748124,-0.0005319900899979894,0.003380927159509017,"{0: 0.00126, 1: -0.00034, 2: 0.00018, 3: 0.00593, 4: -2e-05}",162
III,DDD,mae_log,-3.866157931042835e-05,-0.001939279874598211,0.0019166685972900996,"{0: -0.0007699999841861427, 1: -0.0004299999854993075, 2: -5.999999848427251e-05, 3: 0.0013000000035390258, 4: -0.00023999999393709004}",162
III,DDD,tail_brier,4.7471788194444445e-05,-0.0007903958544319058,0.0009717098283179012,"{0: -8e-05, 1: 2e-05, 2: -0.00066, 3: 0.00092, 4: 4e-05}",162
III,DDD,energy,-0.006962352432310581,-0.017422391601800806,0.0037205689707156507,"{0: -0.014589999802410603, 1: -0.00482999999076128, 2: -0.0006300000241026282, 3: -0.009100000374019146, 4: -0.005669999867677689}",162
III,DDD,variogram,0.015623580670259537,0.005683703051733792,0.025053583084390603,"{0: 0.00673, 1: 0.00887, 2: 0.01701, 3: 0.02447, 4: 0.02104}",162
