plot_id,year,treatment
A:1,1988,9
A:1,1989,9
A:1,1990,9
A:1,1991,9
A:1,1992,9
A:1,1993,9
A:1,1994,9
A:1,1995,9
A:1,1996,9
A:10,1988,3
A:10,1989,3
A:10,1990,3
A:10,1991,3
A:10,1992,3
A:10,1993,3
A:10,1994,3
A:10,1995,3
A:10,1996,3
A:11,1988,8
A:11,1989,8
A:11,1990,8
A:11,1991,8
A:11,1992,8
A:11,1993,8
A:11,1994,8
A:11,1995,8
A:11,1996,8
A:12,1988,1
A:12,1989,1
A:12,1990,1
A:12,1991,1
A:12,1992,1
A:12,1993,1
A:12,1994,1
A:12,1995,1
A:12,1996,1
A:13,1988,5
A:13,1989,5
A:13,1990,5
A:13,1991,5
A:13,1992,5
A:13,1993,5
A:13,1994,5
A:13,1995,5
A:13,1996,5
A:14,1988,6
A:14,1989,6
A:14,1990,6
A:14,1991,6
A:14,1992,6
A:14,1993,6
A:14,1994,6
A:14,1995,6
A:14,1996,6
A:15,1988,3
A:15,1989,3
A:15,1990,3
A:15,1991,3
A:15,1992,3
A:15,1993,3
A:15,1994,3
A:15,1995,3
A:15,1996,3
A:16,1988,2
A:16,1989,2
A:16,1990,2
A:16,1991,2
A:16,1992,2
A:16,1993,2
A:16,1994,2
A:16,1995,2
A:16,1996,2
A:17,1988,8
A:17,1989,8
A:17,1990,8
A:17,1991,8
A:17,1992,8
A:17,1993,8
A:17,1994,8
A:17,1995,8
A:17,1996,8
A:18,1988,8
A:18,1989,8
A:18,1990,8
A:18,1991,8
A:18,1992,8
A:18,1993,8
A:18,1994,8
A:18,1995,8
A:18,1996,8
A:19,1988,5
A:19,1989,5
A:19,1990,5
A:19,1991,5
A:19,1992,5
A:19,1993,5
A:19,1994,5
A:19,1995,5
A:19,1996,5
A:2,1988,2
A:2,1989,2
A:2,1990,2
A:2,1991,2
A:2,1992,2
A:2,1993,2
A:2,1994,2
A:2,1995,2
A:2,1996,2
A:20,1988,9
A:20,1989,9
A:20,1990,9
A:20,1991,9
A:20,1992,9
A:20,1993,9
A:20,1994,9
A:20,1995,9
A:20,1996,9
A:21,1988,6
A:21,1989,6
A:21,1990,6
A:21,1991,6
A:21,1992,6
A:21,1993,6
A:21,1994,6
A:21,1995,6
A:21,1996,6
A:22,1988,1
A:22,1989,1
A:22,1990,1
A:22,1991,1
A:22,1992,1
A:22,1993,1
A:22,1994,1
A:22,1995,1
A:22,1996,1
A:23,1988,4
A:23,1989,4
A:23,1990,4
A:23,1991,4
A:23,1992,4
A:23,1993,4
A:23,1994,4
A:23,1995,4
A:23,1996,4
A:24,1988,4
A:24,1989,4
A:24,1990,4
A:24,1991,4
A:24,1992,4
A:24,1993,4
A:24,1994,4
A:24,1995,4
A:24,1996,4
A:25,1988,7
A:25,1989,7
A:25,1990,7
A:25,1991,7
A:25,1992,7
A:25,1993,7
A:25,1994,7
A:25,1995,7
A:25,1996,7
A:26,1988,2
A:26,1989,2
A:26,1990,2
A:26,1991,2
A:26,1992,2
A:26,1993,2
A:26,1994,2
A:26,1995,2
A:26,1996,2
A:27,1988,3
A:27,1989,3
A:27,1990,3
A:27,1991,3
A:27,1992,3
A:27,1993,3
A:27,1994,3
A:27,1995,3
A:27,1996,3
A:28,1988,5
A:28,1989,5
A:28,1990,5
A:28,1991,5
A:28,1992,5
A:28,1993,5
A:28,1994,5
A:28,1995,5
A:28,1996,5
A:29,1988,3
A:29,1989,3
A:29,1990,3
A:29,1991,3
A:29,1992,3
A:29,1993,3
A:29,1994,3
A:29,1995,3
A:29,1996,3
A:3,1988,4
A:3,1989,4
A:3,1990,4
A:3,1991,4
A:3,1992,4
A:3,1993,4
A:3,1994,4
A:3,1995,4
A:3,1996,4
A:30,1988,3
A:30,1989,3
A:30,1990,3
A:30,1991,3
A:30,1992,3
A:30,1993,3
A:30,1994,3
A:30,1995,3
A:30,1996,3
A:31,1988,5
A:31,1989,5
A:31,1990,5
A:31,1991,5
A:31,1992,5
A:31,1993,5
A:31,1994,5
A:31,1995,5
A:31,1996,5
A:32,1988,5
A:32,1989,5
A:32,1990,5
A:32,1991,5
A:32,1992,5
A:32,1993,5
A:32,1994,5
A:32,1995,5
A:32,1996,5
A:33,1988,9
A:33,1989,9
A:33,1990,9
A:33,1991,9
A:33,1992,9
A:33,1993,9
A:33,1994,9
A:33,1995,9
A:33,1996,9
A:34,1988,7
A:34,1989,7
A:34,1990,7
A:34,1991,7
A:34,1992,7
A:34,1993,7
A:34,1994,7
A:34,1995,7
A:34,1996,7
A:35,1988,2
A:35,1989,2
A:35,1990,2
A:35,1991,2
A:35,1992,2
A:35,1993,2
A:35,1994,2
A:35,1995,2
A:35,1996,2
A:36,1988,7
A:36,1989,7
A:36,1990,7
A:36,1991,7
A:36,1992,7
A:36,1993,7
A:36,1994,7
A:36,1995,7
A:36,1996,7
A:37,1988,3
A:37,1989,3
A:37,1990,3
A:37,1991,3
A:37,1992,3
A:37,1993,3
A:37,1994,3
A:37,1995,3
A:37,1996,3
A:38,1988,4
A:38,1989,4
A:38,1990,4
A:38,1991,4
A:38,1992,4
A:38,1993,4
A:38,1994,4
A:38,1995,4
A:38,1996,4
A:39,1988,6
A:39,1989,6
A:39,1990,6
A:39,1991,6
A:39,1992,6
A:39,1993,6
A:39,1994,6
A:39,1995,6
A:39,1996,6
A:4,1988,2
A:4,1989,2
A:4,1990,2
A:4,1991,2
A:4,1992,2
A:4,1993,2
A:4,1994,2
A:4,1995,2
A:4,1996,2
A:40,1988,8
A:40,1989,8
A:40,1990,8
A:40,1991,8
A:40,1992,8
A:40,1993,8
A:40,1994,8
A:40,1995,8
A:40,1996,8
A:41,1988,4
A:41,1989,4
A:41,1990,4
A:41,1991,4
A:41,1992,4
A:41,1993,4
A:41,1994,4
A:41,1995,4
A:41,1996,4
A:42,1988,6
A:42,1989,6
A:42,1990,6
A:42,1991,6
A:42,1992,6
A:42,1993,6
A:42,1994,6
A:42,1995,6
A:42,1996,6
A:43,1988,2
A:43,1989,2
A:43,1990,2
A:43,1991,2
A:43,1992,2
A:43,1993,2
A:43,1994,2
A:43,1995,2
A:43,1996,2
A:44,1988,7
A:44,1989,7
A:44,1990,7
A:44,1991,7
A:44,1992,7
A:44,1993,7
A:44,1994,7
A:44,1995,7
A:44,1996,7
A:45,1988,1
A:45,1989,1
A:45,1990,1
A:45,1991,1
A:45,1992,1
A:45,1993,1
A:45,1994,1
A:45,1995,1
A:45,1996,1
A:46,1988,9
A:46,1989,9
A:46,1990,9
A:46,1991,9
A:46,1992,9
A:46,1993,9
A:46,1994,9
A:46,1995,9
A:46,1996,9
A:47,1988,9
A:47,1989,9
A:47,1990,9
A:47,1991,9
A:47,1992,9
A:47,1993,9
A:47,1994,9
A:47,1995,9
A:47,1996,9
A:48,1988,7
A:48,1989,7
A:48,1990,7
A:48,1991,7
A:48,1992,7
A:48,1993,7
A:48,1994,7
A:48,1995,7
A:48,1996,7
A:49,1988,5
A:49,1989,5
A:49,1990,5
A:49,1991,5
A:49,1992,5
A:49,1993,5
A:49,1994,5
A:49,1995,5
A:49,1996,5
A:5,1988,9
A:5,1989,9
A:5,1990,9
A:5,1991,9
A:5,1992,9
A:5,1993,9
A:5,1994,9
A:5,1995,9
A:5,1996,9
A:50,1988,1
A:50,1989,1
A:50,1990,1
A:50,1991,1
A:50,1992,1
A:50,1993,1
A:50,1994,1
A:50,1995,1
A:50,1996,1
A:51,1988,6
A:51,1989,6
A:51,1990,6
A:51,1991,6
A:51,1992,6
A:51,1993,6
A:51,1994,6
A:51,1995,6
A:51,1996,6
A:52,1988,8
A:52,1989,8
A:52,1990,8
A:52,1991,8
A:52,1992,8
A:52,1993,8
A:52,1994,8
A:52,1995,8
A:52,1996,8
A:53,1988,1
A:53,1989,1
A:53,1990,1
A:53,1991,1
A:53,1992,1
A:53,1993,1
A:53,1994,1
A:53,1995,1
A:53,1996,1
A:54,1988,1
A:54,1989,1
A:54,1990,1
A:54,1991,1
A:54,1992,1
A:54,1993,1
A:54,1994,1
A:54,1995,1
A:54,1996,1
A:6,1988,8
A:6,1989,8
A:6,1990,8
A:6,1991,8
A:6,1992,8
A:6,1993,8
A:6,1994,8
A:6,1995,8
A:6,1996,8
A:7,1988,7
A:7,1989,7
A:7,1990,7
A:7,1991,7
A:7,1992,7
A:7,1993,7
A:7,1994,7
A:7,1995,7
A:7,1996,7
A:8,1988,4
A:8,1989,4
A:8,1990,4
A:8,1991,4
A:8,1992,4
A:8,1993,4
A:8,1994,4
A:8,1995,4
A:8,1996,4
A:9,1988,6
A:9,1989,6
A:9,1990,6
A:9,1991,6
A:9,1992,6
A:9,1993,6
A:9,1994,6
A:9,1995,6
A:9,1996,6
B:1,1988,1
B:1,1989,1
B:1,1990,1
B:1,1991,1
B:1,1992,1
B:1,1993,1
B:1,1994,1
B:1,1995,1
B:1,1996,1
B:10,1988,2
B:10,1989,2
B:10,1990,2
B:10,1991,2
B:10,1992,2
B:10,1993,2
B:10,1994,2
B:10,1995,2
B:10,1996,2
B:11,1988,1
B:11,1989,1
B:11,1990,1
B:11,1991,1
B:11,1992,1
B:11,1993,1
B:11,1994,1
B:11,1995,1
B:11,1996,1
B:12,1988,9
B:12,1989,9
B:12,1990,9
B:12,1991,9
B:12,1992,9
B:12,1993,9
B:12,1994,9
B:12,1995,9
B:12,1996,9
B:13,1988,2
B:13,1989,2
B:13,1990,2
B:13,1991,2
B:13,1992,2
B:13,1993,2
B:13,1994,2
B:13,1995,2
B:13,1996,2
B:14,1988,4
B:14,1989,4
B:14,1990,4
B:14,1991,4
B:14,1992,4
B:14,1993,4
B:14,1994,4
B:14,1995,4
B:14,1996,4
B:15,1988,7
B:15,1989,7
B:15,1990,7
B:15,1991,7
B:15,1992,7
B:15,1993,7
B:15,1994,7
B:15,1995,7
B:15,1996,7
B:16,1988,6
B:16,1989,6
B:16,1990,6
B:16,1991,6
B:16,1992,6
B:16,1993,6
B:16,1994,6
B:16,1995,6
B:16,1996,6
B:17,1988,1
B:17,1989,1
B:17,1990,1
B:17,1991,1
B:17,1992,1
B:17,1993,1
B:17,1994,1
B:17,1995,1
B:17,1996,1
B:18,1988,7
B:18,1989,7
B:18,1990,7
B:18,1991,7
B:18,1992,7
B:18,1993,7
B:18,1994,7
B:18,1995,7
B:18,1996,7
B:19,1988,6
B:19,1989,6
B:19,1990,6
B:19,1991,6
B:19,1992,6
B:19,1993,6
B:19,1994,6
B:19,1995,6
B:19,1996,6
B:2,1988,4
B:2,1989,4
B:2,1990,4
B:2,1991,4
B:2,1992,4
B:2,1993,4
B:2,1994,4
B:2,1995,4
B:2,1996,4
B:20,1988,3
B:20,1989,3
B:20,1990,3
B:20,1991,3
B:20,1992,3
B:20,1993,3
B:20,1994,3
B:20,1995,3
B:20,1996,3
B:21,1988,9
B:21,1989,9
B:21,1990,9
B:21,1991,9
B:21,1992,9
B:21,1993,9
B:21,1994,9
B:21,1995,9
B:21,1996,9
B:22,1988,8
B:22,1989,8
B:22,1990,8
B:22,1991,8
B:22,1992,8
B:22,1993,8
B:22,1994,8
B:22,1995,8
B:22,1996,8
B:23,1988,3
B:23,1989,3
B:23,1990,3
B:23,1991,3
B:23,1992,3
B:23,1993,3
B:23,1994,3
B:23,1995,3
B:23,1996,3
B:24,1988,4
B:24,1989,4
B:24,1990,4
B:24,1991,4
B:24,1992,4
B:24,1993,4
B:24,1994,4
B:24,1995,4
B:24,1996,4
B:25,1988,3
B:25,1989,3
B:25,1990,3
B:25,1991,3
B:25,1992,3
B:25,1993,3
B:25,1994,3
B:25,1995,3
B:25,1996,3
B:26,1988,2
B:26,1989,2
B:26,1990,2
B:26,1991,2
B:26,1992,2
B:26,1993,2
B:26,1994,2
B:26,1995,2
B:26,1996,2
B:27,1988,5
B:27,1989,5
B:27,1990,5
B:27,1991,5
B:27,1992,5
B:27,1993,5
B:27,1994,5
B:27,1995,5
B:27,1996,5
B:28,1988,3
B:28,1989,3
B:28,1990,3
B:28,1991,3
B:28,1992,3
B:28,1993,3
B:28,1994,3
B:28,1995,3
B:28,1996,3
B:29,1988,6
B:29,1989,6
B:29,1990,6
B:29,1991,6
B:29,1992,6
B:29,1993,6
B:29,1994,6
B:29,1995,6
B:29,1996,6
B:3,1988,8
B:3,1989,8
B:3,1990,8
B:3,1991,8
B:3,1992,8
B:3,1993,8
B:3,1994,8
B:3,1995,8
B:3,1996,8
B:30,1988,5
B:30,1989,5
B:30,1990,5
B:30,1991,5
B:30,1992,5
B:30,1993,5
B:30,1994,5
B:30,1995,5
B:30,1996,5
B:31,1988,2
B:31,1989,2
B:31,1990,2
B:31,1991,2
B:31,1992,2
B:31,1993,2
B:31,1994,2
B:31,1995,2
B:31,1996,2
B:32,1988,6
B:32,1989,6
B:32,1990,6
B:32,1991,6
B:32,1992,6
B:32,1993,6
B:32,1994,6
B:32,1995,6
B:32,1996,6
B:33,1988,1
B:33,1989,1
B:33,1990,1
B:33,1991,1
B:33,1992,1
B:33,1993,1
B:33,1994,1
B:33,1995,1
B:33,1996,1
B:34,1988,1
B:34,1989,1
B:34,1990,1
B:34,1991,1
B:34,1992,1
B:34,1993,1
B:34,1994,1
B:34,1995,1
B:34,1996,1
B:35,1988,9
B:35,1989,9
B:35,1990,9
B:35,1991,9
B:35,1992,9
B:35,1993,9
B:35,1994,9
B:35,1995,9
B:35,1996,9
B:36,1988,4
B:36,1989,4
B:36,1990,4
B:36,1991,4
B:36,1992,4
B:36,1993,4
B:36,1994,4
B:36,1995,4
B:36,1996,4
B:37,1988,9
B:37,1989,9
B:37,1990,9
B:37,1991,9
B:37,1992,9
B:37,1993,9
B:37,1994,9
B:37,1995,9
B:37,1996,9
B:38,1988,4
B:38,1989,4
B:38,1990,4
B:38,1991,4
B:38,1992,4
B:38,1993,4
B:38,1994,4
B:38,1995,4
B:38,1996,4
B:39,1988,8
B:39,1989,8
B:39,1990,8
B:39,1991,8
B:39,1992,8
B:39,1993,8
B:39,1994,8
B:39,1995,8
B:39,1996,8
B:4,1988,8
B:4,1989,8
B:4,1990,8
B:4,1991,8
B:4,1992,8
B:4,1993,8
B:4,1994,8
B:4,1995,8
B:4,1996,8
B:40,1988,2
B:40,1989,2
B:40,1990,2
B:40,1991,2
B:40,1992,2
B:40,1993,2
B:40,1994,2
B:40,1995,2
B:40,1996,2
B:41,1988,4
B:41,1989,4
B:41,1990,4
B:41,1991,4
B:41,1992,4
B:41,1993,4
B:41,1994,4
B:41,1995,4
B:41,1996,4
B:42,1988,7
B:42,1989,7
B:42,1990,7
B:42,1991,7
B:42,1992,7
B:42,1993,7
B:42,1994,7
B:42,1995,7
B:42,1996,7
B:43,1988,3
B:43,1989,3
B:43,1990,3
B:43,1991,3
B:43,1992,3
B:43,1993,3
B:43,1994,3
B:43,1995,3
B:43,1996,3
B:44,1988,8
B:44,1989,8
B:44,1990,8
B:44,1991,8
B:44,1992,8
B:44,1993,8
B:44,1994,8
B:44,1995,8
B:44,1996,8
B:45,1988,5
B:45,1989,5
B:45,1990,5
B:45,1991,5
B:45,1992,5
B:45,1993,5
B:45,1994,5
B:45,1995,5
B:45,1996,5
B:46,1988,5
B:46,1989,5
B:46,1990,5
B:46,1991,5
B:46,1992,5
B:46,1993,5
B:46,1994,5
B:46,1995,5
B:46,1996,5
B:47,1988,8
B:47,1989,8
B:47,1990,8
B:47,1991,8
B:47,1992,8
B:47,1993,8
B:47,1994,8
B:47,1995,8
B:47,1996,8
B:48,1988,3
B:48,1989,3
B:48,1990,3
B:48,1991,3
B:48,1992,3
B:48,1993,3
B:48,1994,3
B:48,1995,3
B:48,1996,3
B:49,1988,2
B:49,1989,2
B:49,1990,2
B:49,1991,2
B:49,1992,2
B:49,1993,2
B:49,1994,2
B:49,1995,2
B:49,1996,2
B:5,1988,5
B:5,1989,5
B:5,1990,5
B:5,1991,5
B:5,1992,5
B:5,1993,5
B:5,1994,5
B:5,1995,5
B:5,1996,5
B:50,1988,7
B:50,1989,7
B:50,1990,7
B:50,1991,7
B:50,1992,7
B:50,1993,7
B:50,1994,7
B:50,1995,7
B:50,1996,7
B:51,1988,6
B:51,1989,6
B:51,1990,6
B:51,1991,6
B:51,1992,6
B:51,1993,6
B:51,1994,6
B:51,1995,6
B:51,1996,6
B:52,1988,9
B:52,1989,9
B:52,1990,9
B:52,1991,9
B:52,1992,9
B:52,1993,9
B:52,1994,9
B:52,1995,9
B:52,1996,9
B:53,1988,7
B:53,1989,7
B:53,1990,7
B:53,1991,7
B:53,1992,7
B:53,1993,7
B:53,1994,7
B:53,1995,7
B:53,1996,7
B:54,1988,1
B:54,1989,1
B:54,1990,1
B:54,1991,1
B:54,1992,1
B:54,1993,1
B:54,1994,1
B:54,1995,1
B:54,1996,1
B:6,1988,9
B:6,1989,9
B:6,1990,9
B:6,1991,9
B:6,1992,9
B:6,1993,9
B:6,1994,9
B:6,1995,9
B:6,1996,9
B:7,1988,6
B:7,1989,6
B:7,1990,6
B:7,1991,6
B:7,1992,6
B:7,1993,6
B:7,1994,6
B:7,1995,6
B:7,1996,6
B:8,1988,7
B:8,1989,7
B:8,1990,7
B:8,1991,7
B:8,1992,7
B:8,1993,7
B:8,1994,7
B:8,1995,7
B:8,1996,7
B:9,1988,5
B:9,1989,5
B:9,1990,5
B:9,1991,5
B:9,1992,5
B:9,1993,5
B:9,1994,5
B:9,1995,5
B:9,1996,5
C:1,1988,6
C:1,1989,6
C:1,1990,6
C:1,1991,6
C:1,1992,6
C:1,1993,6
C:1,1994,6
C:1,1995,6
C:1,1996,6
C:10,1988,4
C:10,1989,4
C:10,1990,4
C:10,1991,4
C:10,1992,4
C:10,1993,4
C:10,1994,4
C:10,1995,4
C:10,1996,4
C:11,1988,2
C:11,1989,2
C:11,1990,2
C:11,1991,2
C:11,1992,2
C:11,1993,2
C:11,1994,2
C:11,1995,2
C:11,1996,2
C:12,1988,7
C:12,1989,7
C:12,1990,7
C:12,1991,7
C:12,1992,7
C:12,1993,7
C:12,1994,7
C:12,1995,7
C:12,1996,7
C:13,1988,6
C:13,1989,6
C:13,1990,6
C:13,1991,6
C:13,1992,6
C:13,1993,6
C:13,1994,6
C:13,1995,6
C:13,1996,6
C:14,1988,5
C:14,1989,5
C:14,1990,5
C:14,1991,5
C:14,1992,5
C:14,1993,5
C:14,1994,5
C:14,1995,5
C:14,1996,5
C:15,1988,8
C:15,1989,8
C:15,1990,8
C:15,1991,8
C:15,1992,8
C:15,1993,8
C:15,1994,8
C:15,1995,8
C:15,1996,8
C:16,1988,5
C:16,1989,5
C:16,1990,5
C:16,1991,5
C:16,1992,5
C:16,1993,5
C:16,1994,5
C:16,1995,5
C:16,1996,5
C:17,1988,2
C:17,1989,2
C:17,1990,2
C:17,1991,2
C:17,1992,2
C:17,1993,2
C:17,1994,2
C:17,1995,2
C:17,1996,2
C:18,1988,9
C:18,1989,9
C:18,1990,9
C:18,1991,9
C:18,1992,9
C:18,1993,9
C:18,1994,9
C:18,1995,9
C:18,1996,9
C:19,1988,4
C:19,1989,4
C:19,1990,4
C:19,1991,4
C:19,1992,4
C:19,1993,4
C:19,1994,4
C:19,1995,4
C:19,1996,4
C:2,1988,3
C:2,1989,3
C:2,1990,3
C:2,1991,3
C:2,1992,3
C:2,1993,3
C:2,1994,3
C:2,1995,3
C:2,1996,3
C:20,1988,3
C:20,1989,3
C:20,1990,3
C:20,1991,3
C:20,1992,3
C:20,1993,3
C:20,1994,3
C:20,1995,3
C:20,1996,3
C:21,1988,8
C:21,1989,8
C:21,1990,8
C:21,1991,8
C:21,1992,8
C:21,1993,8
C:21,1994,8
C:21,1995,8
C:21,1996,8
C:22,1988,7
C:22,1989,7
C:22,1990,7
C:22,1991,7
C:22,1992,7
C:22,1993,7
C:22,1994,7
C:22,1995,7
C:22,1996,7
C:23,1988,8
C:23,1989,8
C:23,1990,8
C:23,1991,8
C:23,1992,8
C:23,1993,8
C:23,1994,8
C:23,1995,8
C:23,1996,8
C:24,1988,6
C:24,1989,6
C:24,1990,6
C:24,1991,6
C:24,1992,6
C:24,1993,6
C:24,1994,6
C:24,1995,6
C:24,1996,6
C:25,1988,7
C:25,1989,7
C:25,1990,7
C:25,1991,7
C:25,1992,7
C:25,1993,7
C:25,1994,7
C:25,1995,7
C:25,1996,7
C:26,1988,1
C:26,1989,1
C:26,1990,1
C:26,1991,1
C:26,1992,1
C:26,1993,1
C:26,1994,1
C:26,1995,1
C:26,1996,1
C:27,1988,2
C:27,1989,2
C:27,1990,2
C:27,1991,2
C:27,1992,2
C:27,1993,2
C:27,1994,2
C:27,1995,2
C:27,1996,2
C:28,1988,9
C:28,1989,9
C:28,1990,9
C:28,1991,9
C:28,1992,9
C:28,1993,9
C:28,1994,9
C:28,1995,9
C:28,1996,9
C:29,1988,8
C:29,1989,8
C:29,1990,8
C:29,1991,8
C:29,1992,8
C:29,1993,8
C:29,1994,8
C:29,1995,8
C:29,1996,8
C:3,1988,7
C:3,1989,7
C:3,1990,7
C:3,1991,7
C:3,1992,7
C:3,1993,7
C:3,1994,7
C:3,1995,7
C:3,1996,7
C:30,1988,9
C:30,1989,9
C:30,1990,9
C:30,1991,9
C:30,1992,9
C:30,1993,9
C:30,1994,9
C:30,1995,9
C:30,1996,9
C:31,1988,6
C:31,1989,6
C:31,1990,6
C:31,1991,6
C:31,1992,6
C:31,1993,6
C:31,1994,6
C:31,1995,6
C:31,1996,6
C:32,1988,3
C:32,1989,3
C:32,1990,3
C:32,1991,3
C:32,1992,3
C:32,1993,3
C:32,1994,3
C:32,1995,3
C:32,1996,3
C:33,1988,9
C:33,1989,9
C:33,1990,9
C:33,1991,9
C:33,1992,9
C:33,1993,9
C:33,1994,9
C:33,1995,9
C:33,1996,9
C:34,1988,3
C:34,1989,3
C:34,1990,3
C:34,1991,3
C:34,1992,3
C:34,1993,3
C:34,1994,3
C:34,1995,3
C:34,1996,3
C:35,1988,5
C:35,1989,5
C:35,1990,5
C:35,1991,5
C:35,1992,5
C:35,1993,5
C:35,1994,5
C:35,1995,5
C:35,1996,5
C:36,1988,3
C:36,1989,3
C:36,1990,3
C:36,1991,3
C:36,1992,3
C:36,1993,3
C:36,1994,3
C:36,1995,3
C:36,1996,3
C:37,1988,2
C:37,1989,2
C:37,1990,2
C:37,1991,2
C:37,1992,2
C:37,1993,2
C:37,1994,2
C:37,1995,2
C:37,1996,2
C:38,1988,5
C:38,1989,5
C:38,1990,5
C:38,1991,5
C:38,1992,5
C:38,1993,5
C:38,1994,5
C:38,1995,5
C:38,1996,5
C:39,1988,1
C:39,1989,1
C:39,1990,1
C:39,1991,1
C:39,1992,1
C:39,1993,1
C:39,1994,1
C:39,1995,1
C:39,1996,1
C:4,1988,2
C:4,1989,2
C:4,1990,2
C:4,1991,2
C:4,1992,2
C:4,1993,2
C:4,1994,2
C:4,1995,2
C:4,1996,2
C:40,1988,7
C:40,1989,7
C:40,1990,7
C:40,1991,7
C:40,1992,7
C:40,1993,7
C:40,1994,7
C:40,1995,7
C:40,1996,7
C:41,1988,1
C:41,1989,1
C:41,1990,1
C:41,1991,1
C:41,1992,1
C:41,1993,1
C:41,1994,1
C:41,1995,1
C:41,1996,1
C:42,1988,2
C:42,1989,2
C:42,1990,2
C:42,1991,2
C:42,1992,2
C:42,1993,2
C:42,1994,2
C:42,1995,2
C:42,1996,2
C:43,1988,1
C:43,1989,1
C:43,1990,1
C:43,1991,1
C:43,1992,1
C:43,1993,1
C:43,1994,1
C:43,1995,1
C:43,1996,1
C:44,1988,8
C:44,1989,8
C:44,1990,8
C:44,1991,8
C:44,1992,8
C:44,1993,8
C:44,1994,8
C:44,1995,8
C:44,1996,8
C:45,1988,4
C:45,1989,4
C:45,1990,4
C:45,1991,4
C:45,1992,4
C:45,1993,4
C:45,1994,4
C:45,1995,4
C:45,1996,4
C:46,1988,4
C:46,1989,4
C:46,1990,4
C:46,1991,4
C:46,1992,4
C:46,1993,4
C:46,1994,4
C:46,1995,4
C:46,1996,4
C:47,1988,1
C:47,1989,1
C:47,1990,1
C:47,1991,1
C:47,1992,1
C:47,1993,1
C:47,1994,1
C:47,1995,1
C:47,1996,1
C:48,1988,7
C:48,1989,7
C:48,1990,7
C:48,1991,7
C:48,1992,7
C:48,1993,7
C:48,1994,7
C:48,1995,7
C:48,1996,7
C:49,1988,5
C:49,1989,5
C:49,1990,5
C:49,1991,5
C:49,1992,5
C:49,1993,5
C:49,1994,5
C:49,1995,5
C:49,1996,5
C:5,1988,4
C:5,1989,4
C:5,1990,4
C:5,1991,4
C:5,1992,4
C:5,1993,4
C:5,1994,4
C:5,1995,4
C:5,1996,4
C:50,1988,4
C:50,1989,4
C:50,1990,4
C:50,1991,4
C:50,1992,4
C:50,1993,4
C:50,1994,4
C:50,1995,4
C:50,1996,4
C:51,1988,8
C:51,1989,8
C:51,1990,8
C:51,1991,8
C:51,1992,8
C:51,1993,8
C:51,1994,8
C:51,1995,8
C:51,1996,8
C:52,1988,6
C:52,1989,6
C:52,1990,6
C:52,1991,6
C:52,1992,6
C:52,1993,6
C:52,1994,6
C:52,1995,6
C:52,1996,6
C:53,1988,9
C:53,1989,9
C:53,1990,9
C:53,1991,9
C:53,1992,9
C:53,1993,9
C:53,1994,9
C:53,1995,9
C:53,1996,9
C:54,1988,9
C:54,1989,9
C:54,1990,9
C:54,1991,9
C:54,1992,9
C:54,1993,9
C:54,1994,9
C:54,1995,9
C:54,1996,9
C:6,1988,5
C:6,1989,5
C:6,1990,5
C:6,1991,5
C:6,1992,5
C:6,1993,5
C:6,1994,5
C:6,1995,5
C:6,1996,5
C:7,1988,3
C:7,1989,3
C:7,1990,3
C:7,1991,3
C:7,1992,3
C:7,1993,3
C:7,1994,3
C:7,1995,3
C:7,1996,3
C:8,1988,1
C:8,1989,1
C:8,1990,1
C:8,1991,1
C:8,1992,1
C:8,1993,1
C:8,1994,1
C:8,1995,1
C:8,1996,1
C:9,1988,6
C:9,1989,6
C:9,1990,6
C:9,1991,6
C:9,1992,6
C:9,1993,6
C:9,1994,6
C:9,1995,6
C:9,1996,6
